<metadata xml:lang="en"><Esri><CreaDate>20210806</CreaDate><CreaTime>09404100</CreaTime><ArcGISFormat>1.0</ArcGISFormat><ArcGISstyle>North American Profile of ISO19115 2003</ArcGISstyle><SyncOnce>FALSE</SyncOnce><DataProperties><lineage><Process Name="Create Table (3)" ToolSource="c:\program files (x86)\arcgis\desktop10.1\ArcToolbox\Toolboxes\Data Management Tools.tbx\CreateTable" Date="20150629" Time="141502">CreateTable \\os.uga.edu\onu-ocha\working\Process_Files\CODServices\CreateTemplateGDB\XXX_AdminBoundaries_working.gdb AdminUnit_Lookup_Table # #</Process><Process Name="Add Field (20)" ToolSource="c:\program files (x86)\arcgis\desktop10.1\ArcToolbox\Toolboxes\Data Management Tools.tbx\AddField" Date="20150629" Time="141503">AddField \\os.uga.edu\onu-ocha\working\Process_Files\CODServices\CreateTemplateGDB\XXX_AdminBoundaries_working.gdb\AdminUnit_Lookup_Table adminUnitLevelNumber SHORT # # # # NULLABLE NON_REQUIRED #</Process><Process Name="Add Field (23)" ToolSource="c:\program files (x86)\arcgis\desktop10.1\ArcToolbox\Toolboxes\Data Management Tools.tbx\AddField" Date="20150629" Time="141538">AddField \\os.uga.edu\onu-ocha\working\Process_Files\CODServices\CreateTemplateGDB\XXX_AdminBoundaries_working.gdb\AdminUnit_Lookup_Table adminUnitLevelTitle TEXT # # 50 # NULLABLE NON_REQUIRED #</Process><Process Name="Add Field (23)" ToolSource="c:\program files (x86)\arcgis\desktop10.1\ArcToolbox\Toolboxes\Data Management Tools.tbx\AddField" Date="20150629" Time="141538">AddField \\os.uga.edu\onu-ocha\working\Process_Files\CODServices\CreateTemplateGDB\XXX_AdminBoundaries_working.gdb\AdminUnit_Lookup_Table adminUnitLocalTitle TEXT # # 50 # NULLABLE NON_REQUIRED #</Process><Process Name="Add Field (2)" ToolSource="c:\program files (x86)\arcgis\desktop10.1\ArcToolbox\Toolboxes\Data Management Tools.tbx\AddField" Date="20150629" Time="141539">AddField \\os.uga.edu\onu-ocha\working\Process_Files\CODServices\CreateTemplateGDB\XXX_AdminBoundaries_working.gdb\AdminUnit_Lookup_Table date DATE # # 100 # NULLABLE NON_REQUIRED #</Process><Process Name="Add Field (2)" ToolSource="c:\program files (x86)\arcgis\desktop10.1\ArcToolbox\Toolboxes\Data Management Tools.tbx\AddField" Date="20150629" Time="141540">AddField \\os.uga.edu\onu-ocha\working\Process_Files\CODServices\CreateTemplateGDB\XXX_AdminBoundaries_working.gdb\AdminUnit_Lookup_Table validOn DATE # # 100 # NULLABLE NON_REQUIRED #</Process><Process Name="Add Field (2)" ToolSource="c:\program files (x86)\arcgis\desktop10.1\ArcToolbox\Toolboxes\Data Management Tools.tbx\AddField" Date="20150629" Time="141541">AddField \\os.uga.edu\onu-ocha\working\Process_Files\CODServices\CreateTemplateGDB\XXX_AdminBoundaries_working.gdb\AdminUnit_Lookup_Table validTo DATE # # 100 # NULLABLE NON_REQUIRED #</Process><Process ToolSource="c:\program files (x86)\arcgis\desktop10.1\ArcToolbox\Toolboxes\Data Management Tools.tbx\CalculateField" Date="20151214" Time="124229">CalculateField AdminUnit_Lookup_Table validOn "12/14/15" VB #</Process><Process ToolSource="c:\program files (x86)\arcgis\desktop10.8\ArcToolbox\Toolboxes\Data Management Tools.tbx\CalculateField" Date="20210315" Time="143744">CalculateField pse_admbndt_adminUnitLookup validOn "15 MAR 2021" VB #</Process><Process ToolSource="c:\program files (x86)\arcgis\desktop10.8\ArcToolbox\Toolboxes\Data Management Tools.tbx\CalculateField" Date="20210315" Time="143809">CalculateField pse_admbndt_adminUnitLookup date "11/9/2020" VB #</Process><Process ToolSource="c:\program files (x86)\arcgis\desktop10.8\ArcToolbox\Toolboxes\Data Management Tools.tbx\CalculateField" Date="20210317" Time="091509">CalculateField pse_admbndt_adminUnitLookup validOn "17 MAR 2021" VB #</Process><Process ToolSource="c:\program files (x86)\arcgis\desktop10.8\ArcToolbox\Toolboxes\Data Management Tools.tbx\CalculateField" Date="20210806" Time="100218">CalculateField pse_admbndt_adminUnitLookup date "3/18/2021" VB #</Process><Process ToolSource="c:\program files (x86)\arcgis\desktop10.8\ArcToolbox\Toolboxes\Data Management Tools.tbx\CalculateField" Date="20210806" Time="100241">CalculateField pse_admbndt_adminUnitLookup validOn "8/6/2021" VB #</Process><Process ToolSource="c:\program files (x86)\arcgis\desktop10.8\ArcToolbox\Toolboxes\Conversion Tools.tbx\TableToTable" Date="20231020" Time="114215">TableToTable K:\CODServices\COD_PSE\Candidates\PSE_AdminBoundaries_candidate.gdb\pse_admbndt_adminUnitLookup K:\CODServices\COD_PSE\Candidates\PSE_AdminBoundaries_candidate_SHP pse_admbndt_adminUnitLookup.dbf # "adminUnitL "adminUnitL" true true false 2 Short 0 0 ,First,#,K:\CODServices\COD_PSE\Candidates\PSE_AdminBoundaries_candidate.gdb\pse_admbndt_adminUnitLookup,adminUnitLevelNumber,-1,-1;adminUni_1 "adminUni_1" true true false 50 Text 0 0 ,First,#,K:\CODServices\COD_PSE\Candidates\PSE_AdminBoundaries_candidate.gdb\pse_admbndt_adminUnitLookup,adminUnitLevelTitle,-1,-1;adminUni_2 "adminUni_2" true true false 50 Text 0 0 ,First,#,K:\CODServices\COD_PSE\Candidates\PSE_AdminBoundaries_candidate.gdb\pse_admbndt_adminUnitLookup,adminUnitLocalTitle,-1,-1;date "date" true true false 8 Date 0 0 ,First,#,K:\CODServices\COD_PSE\Candidates\PSE_AdminBoundaries_candidate.gdb\pse_admbndt_adminUnitLookup,date,-1,-1;validOn "validOn" true true false 8 Date 0 0 ,First,#,K:\CODServices\COD_PSE\Candidates\PSE_AdminBoundaries_candidate.gdb\pse_admbndt_adminUnitLookup,validOn,-1,-1;validTo "validTo" true true false 8 Date 0 0 ,First,#,K:\CODServices\COD_PSE\Candidates\PSE_AdminBoundaries_candidate.gdb\pse_admbndt_adminUnitLookup,validTo,-1,-1" #</Process><Process ToolSource="c:\program files (x86)\arcgis\desktop10.8\ArcToolbox\Toolboxes\Data Management Tools.tbx\CalculateField" Date="20231020" Time="115423">CalculateField pse_admbndt_adminUnitLookup validOn "19 OCT 2023" VB #</Process></lineage><itemProps><itemLocation><linkage Sync="TRUE">file://\\os.uga.edu\onu-ocha\working\Process_Files\CODServices\COD_PSE\Candidates\PSE_AdminBoundaries_candidate_SHP\pse_admbndt_adminUnitLookup.dbf</linkage><protocol Sync="TRUE">Local Area Network</protocol></itemLocation><itemName Sync="TRUE">pse_admbndt_adminUnitLookup</itemName><imsContentType Sync="TRUE">002</imsContentType><itemSize Sync="TRUE">0.000</itemSize></itemProps></DataProperties><SyncDate>20231020</SyncDate><SyncTime>11421400</SyncTime><ModDate>20231020</ModDate><ModTime>11421400</ModTime></Esri><dataIdInfo><envirDesc Sync="TRUE"> Version 6.2 (Build 9200) ; Esri ArcGIS 10.8.1.14362</envirDesc><dataLang><languageCode value="eng" Sync="TRUE"></languageCode><countryCode value="USA" Sync="TRUE"></countryCode></dataLang><idCitation><resTitle Sync="TRUE">pse_admbndt_adminUnitLookup</resTitle><presForm><PresFormCd value="011" Sync="TRUE"></PresFormCd></presForm></idCitation><spatRpType><SpatRepTypCd value="003" Sync="TRUE"></SpatRepTypCd></spatRpType></dataIdInfo><mdLang><languageCode value="eng" Sync="TRUE"></languageCode><countryCode value="USA" Sync="TRUE"></countryCode></mdLang><distInfo><distFormat><formatName Sync="TRUE">dBASE Table</formatName></distFormat><distTranOps><transSize Sync="TRUE">0.000</transSize></distTranOps></distInfo><mdHrLv><ScopeCd value="007" Sync="TRUE"></ScopeCd></mdHrLv><mdHrLvName Sync="TRUE">dataset</mdHrLvName><eainfo><detailed Name="pse_admbndt_adminUnitLookup"><enttyp><enttypl Sync="TRUE">pse_admbndt_adminUnitLookup</enttypl><enttypt Sync="TRUE">Table</enttypt><enttypc Sync="TRUE">0</enttypc></enttyp><attr><attrlabl Sync="TRUE">OID</attrlabl><attalias Sync="TRUE">OID</attalias><attrtype Sync="TRUE">OID</attrtype><attwidth Sync="TRUE">4</attwidth><atprecis Sync="TRUE">0</atprecis><attscale Sync="TRUE">0</attscale><attrdef Sync="TRUE">Internal feature number.</attrdef><attrdefs Sync="TRUE">Esri</attrdefs><attrdomv><udom Sync="TRUE">Sequential unique whole numbers that are automatically generated.</udom></attrdomv></attr><attr><attrlabl Sync="TRUE">adminUnitL</attrlabl><attalias Sync="TRUE">adminUnitL</attalias><attrtype Sync="TRUE">Integer</attrtype><attwidth Sync="TRUE">5</attwidth><atprecis Sync="TRUE">5</atprecis><attscale Sync="TRUE">0</attscale></attr><attr><attrlabl Sync="TRUE">adminUni_1</attrlabl><attalias Sync="TRUE">adminUni_1</attalias><attrtype Sync="TRUE">String</attrtype><attwidth Sync="TRUE">50</attwidth><atprecis Sync="TRUE">0</atprecis><attscale Sync="TRUE">0</attscale></attr><attr><attrlabl Sync="TRUE">adminUni_2</attrlabl><attalias Sync="TRUE">adminUni_2</attalias><attrtype Sync="TRUE">String</attrtype><attwidth Sync="TRUE">50</attwidth><atprecis Sync="TRUE">0</atprecis><attscale Sync="TRUE">0</attscale></attr><attr><attrlabl Sync="TRUE">date</attrlabl><attalias Sync="TRUE">date</attalias><attrtype Sync="TRUE">Date</attrtype><attwidth Sync="TRUE">8</attwidth><atprecis Sync="TRUE">0</atprecis><attscale Sync="TRUE">0</attscale></attr><attr><attrlabl Sync="TRUE">validOn</attrlabl><attalias Sync="TRUE">validOn</attalias><attrtype Sync="TRUE">Date</attrtype><attwidth Sync="TRUE">8</attwidth><atprecis Sync="TRUE">0</atprecis><attscale Sync="TRUE">0</attscale></attr><attr><attrlabl Sync="TRUE">validTo</attrlabl><attalias Sync="TRUE">validTo</attalias><attrtype Sync="TRUE">Date</attrtype><attwidth Sync="TRUE">8</attwidth><atprecis Sync="TRUE">0</atprecis><attscale Sync="TRUE">0</attscale></attr></detailed></eainfo><mdDateSt Sync="TRUE">20231020</mdDateSt></metadata>
